Группа;Домен;Слова;Частота;№
продажа мтз;1express-credit.ru;займы;1;1
продажа мтз;1express-credit.ru;срочные;1;2
трактор в кредит;1express-credit.ru;займы;1;3
трактор в кредит;1express-credit.ru;срочные;1;4
где купить мтз;DboRu.ru;бесплатных;1;5
где купить мтз;DboRu.ru;доска;1;6
где купить мтз;DboRu.ru;объявлений;1;7
продажа тракторов;DboRu.ru;бесплатных;1;8
продажа тракторов;DboRu.ru;доска;1;9
продажа тракторов;DboRu.ru;объявлений;1;10
сельхоз трактора;act.su;basak;2;11
каталог тракторов;act.su;basak;1;12
каталог тракторов;act.su;новые;1;13
каталог тракторов;act.su;тракторы;1;14
каталог тракторов;act.su;турецкие;1;15
новые тракторы;act.su;basak;1;16
новые тракторы;act.su;новые;1;17
новые тракторы;act.su;тракторы;1;18
новые тракторы;act.su;турецкие;1;19
продажа тракторов;act.su;basak;1;20
продажа тракторов;act.su;новые;1;21
продажа тракторов;act.su;тракторы;1;22
продажа тракторов;act.su;турецкие;1;23
сельхоз трактора;act.su;2080;1;24
сельхоз трактора;act.su;новые;1;25
сельхоз трактора;act.su;садовый;1;26
сельхоз трактора;act.su;трактор;1;27
сельхоз трактора;act.su;тракторы;1;28
сельхоз трактора;act.su;турецкие;1;29
сельхоз трактора;act.su;турецкий;1;30
стоимость тракторов;act.su;basak;1;31
стоимость тракторов;act.su;новые;1;32
стоимость тракторов;act.su;тракторы;1;33
стоимость тракторов;act.su;турецкие;1;34
тракторы краснодар;act.su;basak;1;35
тракторы краснодар;act.su;новые;1;36
тракторы краснодар;act.su;тракторы;1;37
тракторы краснодар;act.su;турецкие;1;38
тракторы с завода;act.su;basak;1;39
тракторы с завода;act.su;новые;1;40
тракторы с завода;act.su;тракторы;1;41
тракторы с завода;act.su;турецкие;1;42
стоимость мтз;adr-analytics.ru;анализ;1;43
стоимость мтз;adr-analytics.ru;бизнес;1;44
стоимость мтз;adr-analytics.ru;компании;1;45
стоимость мтз;adr-analytics.ru;купить;1;46
стоимость мтз;adr-analytics.ru;покупкой;1;47
стоимость мтз;adr-analytics.ru;хотите;1;48
тракторы с завода;adr-analytics.ru;анализ;1;49
тракторы с завода;adr-analytics.ru;бизнес;1;50
тракторы с завода;adr-analytics.ru;компании;1;51
тракторы с завода;adr-analytics.ru;купить;1;52
тракторы с завода;adr-analytics.ru;покупкой;1;53
тракторы с завода;adr-analytics.ru;хотите;1;54
сельхоз трактора;agrotech.expoperm.ru;2023;1;55
сельхоз трактора;agrotech.expoperm.ru;агротехнологии;1;56
сельхоз трактора;agrotech.expoperm.ru;выставка;1;57
где купить мтз;am-volga.ru;работ;1;58
где купить мтз;am-volga.ru;сельскохозяйственных;1;59
где купить мтз;am-volga.ru;тракторы;1;60
каталог мтз;am-volga.ru;работ;1;61
каталог мтз;am-volga.ru;сельскохозяйственных;1;62
каталог мтз;am-volga.ru;тракторы;1;63
каталог тракторов;am-volga.ru;работ;1;64
каталог тракторов;am-volga.ru;сельскохозяйственных;1;65
каталог тракторов;am-volga.ru;тракторы;1;66
колесные тракторы;am-volga.ru;работ;1;67
колесные тракторы;am-volga.ru;сельскохозяйственных;1;68
колесные тракторы;am-volga.ru;тракторы;1;69
колесные тракторы мтз;am-volga.ru;работ;1;70
колесные тракторы мтз;am-volga.ru;сельскохозяйственных;1;71
колесные тракторы мтз;am-volga.ru;тракторы;1;72
минитракторы;am-volga.ru;работ;1;73
минитракторы;am-volga.ru;сельскохозяйственных;1;74
минитракторы;am-volga.ru;тракторы;1;75
мтз в краснодаре;am-volga.ru;работ;1;76
мтз в краснодаре;am-volga.ru;сельскохозяйственных;1;77
мтз в краснодаре;am-volga.ru;тракторы;1;78
недорогие мтз;am-volga.ru;работ;1;79
недорогие мтз;am-volga.ru;сельскохозяйственных;1;80
недорогие мтз;am-volga.ru;тракторы;1;81
новые мтз;am-volga.ru;работ;1;82
новые мтз;am-volga.ru;сельскохозяйственных;1;83
новые мтз;am-volga.ru;тракторы;1;84
новые тракторы;am-volga.ru;работ;1;85
новые тракторы;am-volga.ru;сельскохозяйственных;1;86
новые тракторы;am-volga.ru;тракторы;1;87
новые тракторы беларус;am-volga.ru;работ;1;88
новые тракторы беларус;am-volga.ru;сельскохозяйственных;1;89
новые тракторы беларус;am-volga.ru;тракторы;1;90
продажа мтз;am-volga.ru;работ;1;91
продажа мтз;am-volga.ru;сельскохозяйственных;1;92
продажа мтз;am-volga.ru;тракторы;1;93
продажа тракторов;am-volga.ru;работ;1;94
продажа тракторов;am-volga.ru;сельскохозяйственных;1;95
продажа тракторов;am-volga.ru;тракторы;1;96
продажа тракторов беларус;am-volga.ru;работ;1;97
продажа тракторов беларус;am-volga.ru;сельскохозяйственных;1;98
продажа тракторов беларус;am-volga.ru;тракторы;1;99
сельхоз трактора;am-volga.ru;работ;1;100
сельхоз трактора;am-volga.ru;сельскохозяйственных;1;101
сельхоз трактора;am-volga.ru;тракторы;1;102
стоимость беларус;am-volga.ru;работ;1;103
стоимость беларус;am-volga.ru;сельскохозяйственных;1;104
стоимость беларус;am-volga.ru;тракторы;1;105
стоимость мтз;am-volga.ru;работ;1;106
стоимость мтз;am-volga.ru;сельскохозяйственных;1;107
стоимость мтз;am-volga.ru;тракторы;1;108
стоимость тракторов;am-volga.ru;работ;1;109
стоимость тракторов;am-volga.ru;сельскохозяйственных;1;110
стоимость тракторов;am-volga.ru;тракторы;1;111
трактор в кредит;am-volga.ru;работ;1;112
трактор в кредит;am-volga.ru;сельскохозяйственных;1;113
трактор в кредит;am-volga.ru;тракторы;1;114
тракторы в лизинг;am-volga.ru;работ;1;115
тракторы в лизинг;am-volga.ru;сельскохозяйственных;1;116
тракторы в лизинг;am-volga.ru;тракторы;1;117
тракторы краснодар;am-volga.ru;работ;1;118
тракторы краснодар;am-volga.ru;сельскохозяйственных;1;119
тракторы краснодар;am-volga.ru;тракторы;1;120
тракторы с завода;am-volga.ru;работ;1;121
тракторы с завода;am-volga.ru;сельскохозяйственных;1;122
тракторы с завода;am-volga.ru;тракторы;1;123
стоимость мтз;b4y.by;завод;1;124
стоимость мтз;b4y.by;минский;1;125
стоимость мтз;b4y.by;оао;1;126
стоимость мтз;b4y.by;оборудования;1;127
стоимость мтз;b4y.by;отопительного;1;128
стоимость мтз;b4y.by;продается;1;129
сельхоз трактора;bbaza.ru;бу;1;130
сельхоз трактора;bbaza.ru;новое;1;131
сельхоз трактора;bbaza.ru;оборудования;1;132
сельхоз трактора;bbaza.ru;продажа;1;133
стоимость мтз;bbaza.ru;бизнес;1;134
стоимость мтз;bbaza.ru;купить;1;135
тракторы с завода;bbaza.ru;бизнес;1;136
тракторы с завода;bbaza.ru;купить;1;137
сельхоз трактора;caiman.ru;caiman;2;138
минитракторы;caiman.ru;caiman;1;139
минитракторы;caiman.ru;dako;1;140
минитракторы;caiman.ru;дизельный;1;141
сельхоз трактора;caiman.ru;dako;1;142
сельхоз трактора;caiman.ru;дизельный;1;143
сельхоз трактора;caiman.ru;садовый;1;144
сельхоз трактора;caiman.ru;трактор;1;145
продажа мтз;deltaleasing.ru;лизинг;1;146
продажа мтз;deltaleasing.ru;предоставим;1;147
продажа мтз;deltaleasing.ru;трактор;1;148
тракторы в лизинг;deltaleasing.ru;лизинг;1;149
тракторы в лизинг;deltaleasing.ru;предоставим;1;150
тракторы в лизинг;deltaleasing.ru;трактор;1;151
продажа мтз;donjurist.ru;кредитов;1;152
продажа мтз;donjurist.ru;списание;1;153
трактор в кредит;donjurist.ru;кредитов;1;154
трактор в кредит;donjurist.ru;списание;1;155
где купить мтз;ensign-tractors.ru;ensign;1;156
где купить мтз;ensign-tractors.ru;надежные;1;157
где купить мтз;ensign-tractors.ru;тракторы;1;158
где купить мтз;ensign-tractors.ru;хорошие;1;159
где купить мтз;ensign-tractors.ru;цены;1;160
колесные тракторы;ensign-tractors.ru;ensign;1;161
колесные тракторы;ensign-tractors.ru;надежные;1;162
колесные тракторы;ensign-tractors.ru;тракторы;1;163
колесные тракторы;ensign-tractors.ru;хорошие;1;164
колесные тракторы;ensign-tractors.ru;цены;1;165
колесные тракторы мтз;ensign-tractors.ru;ensign;1;166
колесные тракторы мтз;ensign-tractors.ru;надежные;1;167
колесные тракторы мтз;ensign-tractors.ru;тракторы;1;168
колесные тракторы мтз;ensign-tractors.ru;хорошие;1;169
колесные тракторы мтз;ensign-tractors.ru;цены;1;170
мтз в краснодаре;ensign-tractors.ru;ensign;1;171
мтз в краснодаре;ensign-tractors.ru;надежные;1;172
мтз в краснодаре;ensign-tractors.ru;тракторы;1;173
мтз в краснодаре;ensign-tractors.ru;хорошие;1;174
мтз в краснодаре;ensign-tractors.ru;цены;1;175
новые мтз;ensign-tractors.ru;ensign;1;176
новые мтз;ensign-tractors.ru;надежные;1;177
новые мтз;ensign-tractors.ru;тракторы;1;178
новые мтз;ensign-tractors.ru;хорошие;1;179
новые мтз;ensign-tractors.ru;цены;1;180
новые тракторы;ensign-tractors.ru;ensign;1;181
новые тракторы;ensign-tractors.ru;надежные;1;182
новые тракторы;ensign-tractors.ru;тракторы;1;183
новые тракторы;ensign-tractors.ru;хорошие;1;184
новые тракторы;ensign-tractors.ru;цены;1;185
продажа мтз;ensign-tractors.ru;ensign;1;186
продажа мтз;ensign-tractors.ru;надежные;1;187
продажа мтз;ensign-tractors.ru;тракторы;1;188
продажа мтз;ensign-tractors.ru;хорошие;1;189
продажа мтз;ensign-tractors.ru;цены;1;190
стоимость мтз;ensign-tractors.ru;ensign;1;191
стоимость мтз;ensign-tractors.ru;надежные;1;192
стоимость мтз;ensign-tractors.ru;тракторы;1;193
стоимость мтз;ensign-tractors.ru;хорошие;1;194
стоимость мтз;ensign-tractors.ru;цены;1;195
стоимость тракторов;ensign-tractors.ru;ensign;1;196
стоимость тракторов;ensign-tractors.ru;надежные;1;197
стоимость тракторов;ensign-tractors.ru;тракторы;1;198
стоимость тракторов;ensign-tractors.ru;хорошие;1;199
стоимость тракторов;ensign-tractors.ru;цены;1;200
сельхоз трактора;equipnet.ru;оборудования;1;201
сельхоз трактора;equipnet.ru;покупка;1;202
сельхоз трактора;equipnet.ru;продажа;1;203
минитракторы;garden-shop.ru;мини;5;204
минитракторы;garden-shop.ru;купите;4;205
минитракторы;garden-shop.ru;трактор;4;206
минитракторы;garden-shop.ru;цене;2;207
сельхоз трактора;garden-shop.ru;мини;2;208
каталог тракторов;garden-shop.ru;мини;1;209
каталог тракторов;garden-shop.ru;модели;1;210
каталог тракторов;garden-shop.ru;тракторы;1;211
каталог тракторов;garden-shop.ru;цены;1;212
минитрактор мтз;garden-shop.ru;купите;1;213
минитрактор мтз;garden-shop.ru;мини;1;214
минитрактор мтз;garden-shop.ru;низкой;1;215
минитрактор мтз;garden-shop.ru;трактор;1;216
минитрактор мтз;garden-shop.ru;цене;1;217
минитракторы;garden-shop.ru;выгодной;1;218
минитракторы;garden-shop.ru;дешевый;1;219
минитракторы;garden-shop.ru;кредит;1;220
минитракторы;garden-shop.ru;недорого;1;221
минитракторы;garden-shop.ru;низкой;1;222
минитракторы;garden-shop.ru;тракторы;1;223
сельхоз трактора;garden-shop.ru;выгодной;1;224
сельхоз трактора;garden-shop.ru;купите;1;225
сельхоз трактора;garden-shop.ru;садовый;1;226
сельхоз трактора;garden-shop.ru;трактор;1;227
сельхоз трактора;garden-shop.ru;тракторы;1;228
сельхоз трактора;garden-shop.ru;цене;1;229
где купить мтз;ironfield23.ru;насосов;1;230
где купить мтз;ironfield23.ru;производство;1;231
где купить мтз;ironfield23.ru;редукторов;1;232
где купить мтз;ironfield23.ru;шестерен;1;233
каталог мтз;ironfield23.ru;насосов;1;234
каталог мтз;ironfield23.ru;производство;1;235
каталог мтз;ironfield23.ru;редукторов;1;236
каталог мтз;ironfield23.ru;шестерен;1;237
каталог тракторов;ironfield23.ru;насосов;1;238
каталог тракторов;ironfield23.ru;производство;1;239
каталог тракторов;ironfield23.ru;редукторов;1;240
каталог тракторов;ironfield23.ru;шестерен;1;241
колесные тракторы;ironfield23.ru;насосов;1;242
колесные тракторы;ironfield23.ru;производство;1;243
колесные тракторы;ironfield23.ru;редукторов;1;244
колесные тракторы;ironfield23.ru;шестерен;1;245
колесные тракторы мтз;ironfield23.ru;насосов;1;246
колесные тракторы мтз;ironfield23.ru;производство;1;247
колесные тракторы мтз;ironfield23.ru;редукторов;1;248
колесные тракторы мтз;ironfield23.ru;шестерен;1;249
минитракторы;ironfield23.ru;насосов;1;250
минитракторы;ironfield23.ru;производство;1;251
минитракторы;ironfield23.ru;редукторов;1;252
минитракторы;ironfield23.ru;шестерен;1;253
мтз в краснодаре;ironfield23.ru;насосов;1;254
мтз в краснодаре;ironfield23.ru;производство;1;255
мтз в краснодаре;ironfield23.ru;редукторов;1;256
мтз в краснодаре;ironfield23.ru;шестерен;1;257
недорогие мтз;ironfield23.ru;насосов;1;258
недорогие мтз;ironfield23.ru;производство;1;259
недорогие мтз;ironfield23.ru;редукторов;1;260
недорогие мтз;ironfield23.ru;шестерен;1;261
новые мтз;ironfield23.ru;насосов;1;262
новые мтз;ironfield23.ru;производство;1;263
новые мтз;ironfield23.ru;редукторов;1;264
новые мтз;ironfield23.ru;шестерен;1;265
новые тракторы;ironfield23.ru;насосов;1;266
новые тракторы;ironfield23.ru;производство;1;267
новые тракторы;ironfield23.ru;редукторов;1;268
новые тракторы;ironfield23.ru;шестерен;1;269
новые тракторы беларус;ironfield23.ru;насосов;1;270
новые тракторы беларус;ironfield23.ru;производство;1;271
новые тракторы беларус;ironfield23.ru;редукторов;1;272
новые тракторы беларус;ironfield23.ru;шестерен;1;273
продажа мтз;ironfield23.ru;насосов;1;274
продажа мтз;ironfield23.ru;производство;1;275
продажа мтз;ironfield23.ru;редукторов;1;276
продажа мтз;ironfield23.ru;шестерен;1;277
продажа тракторов;ironfield23.ru;насосов;1;278
продажа тракторов;ironfield23.ru;производство;1;279
продажа тракторов;ironfield23.ru;редукторов;1;280
продажа тракторов;ironfield23.ru;шестерен;1;281
продажа тракторов беларус;ironfield23.ru;насосов;1;282
продажа тракторов беларус;ironfield23.ru;производство;1;283
продажа тракторов беларус;ironfield23.ru;редукторов;1;284
продажа тракторов беларус;ironfield23.ru;шестерен;1;285
сельхоз трактора;ironfield23.ru;насосов;1;286
сельхоз трактора;ironfield23.ru;производство;1;287
сельхоз трактора;ironfield23.ru;редукторов;1;288
сельхоз трактора;ironfield23.ru;шестерен;1;289
стоимость беларус;ironfield23.ru;насосов;1;290
стоимость беларус;ironfield23.ru;производство;1;291
стоимость беларус;ironfield23.ru;редукторов;1;292
стоимость беларус;ironfield23.ru;шестерен;1;293
стоимость мтз;ironfield23.ru;насосов;1;294
стоимость мтз;ironfield23.ru;производство;1;295
стоимость мтз;ironfield23.ru;редукторов;1;296
стоимость мтз;ironfield23.ru;шестерен;1;297
стоимость тракторов;ironfield23.ru;насосов;1;298
стоимость тракторов;ironfield23.ru;производство;1;299
стоимость тракторов;ironfield23.ru;редукторов;1;300
стоимость тракторов;ironfield23.ru;шестерен;1;301
трактор в кредит;ironfield23.ru;насосов;1;302
трактор в кредит;ironfield23.ru;производство;1;303
трактор в кредит;ironfield23.ru;редукторов;1;304
трактор в кредит;ironfield23.ru;шестерен;1;305
тракторы в лизинг;ironfield23.ru;насосов;1;306
тракторы в лизинг;ironfield23.ru;производство;1;307
тракторы в лизинг;ironfield23.ru;редукторов;1;308
тракторы в лизинг;ironfield23.ru;шестерен;1;309
тракторы краснодар;ironfield23.ru;насосов;1;310
тракторы краснодар;ironfield23.ru;производство;1;311
тракторы краснодар;ironfield23.ru;редукторов;1;312
тракторы краснодар;ironfield23.ru;шестерен;1;313
тракторы с завода;ironfield23.ru;насосов;1;314
тракторы с завода;ironfield23.ru;производство;1;315
тракторы с завода;ironfield23.ru;редукторов;1;316
тракторы с завода;ironfield23.ru;шестерен;1;317
где купить мтз;kat-russia.ru;диллер;1;318
где купить мтз;kat-russia.ru;кат;1;319
где купить мтз;kat-russia.ru;колесные;1;320
где купить мтз;kat-russia.ru;официальный;1;321
где купить мтз;kat-russia.ru;тракторы;1;322
колесные тракторы;kat-russia.ru;диллер;1;323
колесные тракторы;kat-russia.ru;кат;1;324
колесные тракторы;kat-russia.ru;колесные;1;325
колесные тракторы;kat-russia.ru;официальный;1;326
колесные тракторы;kat-russia.ru;тракторы;1;327
колесные тракторы мтз;kat-russia.ru;диллер;1;328
колесные тракторы мтз;kat-russia.ru;кат;1;329
колесные тракторы мтз;kat-russia.ru;колесные;1;330
колесные тракторы мтз;kat-russia.ru;официальный;1;331
колесные тракторы мтз;kat-russia.ru;тракторы;1;332
минитрактор мтз;kat-russia.ru;диллер;1;333
минитрактор мтз;kat-russia.ru;кат;1;334
минитрактор мтз;kat-russia.ru;колесные;1;335
минитрактор мтз;kat-russia.ru;официальный;1;336
минитрактор мтз;kat-russia.ru;тракторы;1;337
минитракторы;kat-russia.ru;диллер;1;338
минитракторы;kat-russia.ru;кат;1;339
минитракторы;kat-russia.ru;колесные;1;340
минитракторы;kat-russia.ru;официальный;1;341
минитракторы;kat-russia.ru;тракторы;1;342
мтз в краснодаре;kat-russia.ru;диллер;1;343
мтз в краснодаре;kat-russia.ru;кат;1;344
мтз в краснодаре;kat-russia.ru;колесные;1;345
мтз в краснодаре;kat-russia.ru;официальный;1;346
мтз в краснодаре;kat-russia.ru;тракторы;1;347
недорогие мтз;kat-russia.ru;диллер;1;348
недорогие мтз;kat-russia.ru;кат;1;349
недорогие мтз;kat-russia.ru;колесные;1;350
недорогие мтз;kat-russia.ru;официальный;1;351
недорогие мтз;kat-russia.ru;тракторы;1;352
новые мтз;kat-russia.ru;диллер;1;353
новые мтз;kat-russia.ru;кат;1;354
новые мтз;kat-russia.ru;колесные;1;355
новые мтз;kat-russia.ru;официальный;1;356
новые мтз;kat-russia.ru;тракторы;1;357
новые тракторы;kat-russia.ru;диллер;1;358
новые тракторы;kat-russia.ru;кат;1;359
новые тракторы;kat-russia.ru;колесные;1;360
новые тракторы;kat-russia.ru;официальный;1;361
новые тракторы;kat-russia.ru;тракторы;1;362
новые тракторы беларус;kat-russia.ru;диллер;1;363
новые тракторы беларус;kat-russia.ru;кат;1;364
новые тракторы беларус;kat-russia.ru;колесные;1;365
новые тракторы беларус;kat-russia.ru;официальный;1;366
новые тракторы беларус;kat-russia.ru;тракторы;1;367
продажа мтз;kat-russia.ru;диллер;1;368
продажа мтз;kat-russia.ru;кат;1;369
продажа мтз;kat-russia.ru;колесные;1;370
продажа мтз;kat-russia.ru;официальный;1;371
продажа мтз;kat-russia.ru;тракторы;1;372
продажа тракторов;kat-russia.ru;диллер;1;373
продажа тракторов;kat-russia.ru;кат;1;374
продажа тракторов;kat-russia.ru;колесные;1;375
продажа тракторов;kat-russia.ru;официальный;1;376
продажа тракторов;kat-russia.ru;тракторы;1;377
продажа тракторов беларус;kat-russia.ru;диллер;1;378
продажа тракторов беларус;kat-russia.ru;кат;1;379
продажа тракторов беларус;kat-russia.ru;колесные;1;380
продажа тракторов беларус;kat-russia.ru;официальный;1;381
продажа тракторов беларус;kat-russia.ru;тракторы;1;382
сельхоз трактора;kat-russia.ru;диллер;1;383
сельхоз трактора;kat-russia.ru;кат;1;384
сельхоз трактора;kat-russia.ru;колесные;1;385
сельхоз трактора;kat-russia.ru;официальный;1;386
сельхоз трактора;kat-russia.ru;тракторы;1;387
стоимость беларус;kat-russia.ru;диллер;1;388
стоимость беларус;kat-russia.ru;кат;1;389
стоимость беларус;kat-russia.ru;колесные;1;390
стоимость беларус;kat-russia.ru;официальный;1;391
стоимость беларус;kat-russia.ru;тракторы;1;392
стоимость мтз;kat-russia.ru;диллер;1;393
стоимость мтз;kat-russia.ru;кат;1;394
стоимость мтз;kat-russia.ru;колесные;1;395
стоимость мтз;kat-russia.ru;официальный;1;396
стоимость мтз;kat-russia.ru;тракторы;1;397
стоимость тракторов;kat-russia.ru;диллер;1;398
стоимость тракторов;kat-russia.ru;кат;1;399
стоимость тракторов;kat-russia.ru;колесные;1;400
стоимость тракторов;kat-russia.ru;официальный;1;401
стоимость тракторов;kat-russia.ru;тракторы;1;402
трактор в кредит;kat-russia.ru;диллер;1;403
трактор в кредит;kat-russia.ru;кат;1;404
трактор в кредит;kat-russia.ru;колесные;1;405
трактор в кредит;kat-russia.ru;официальный;1;406
трактор в кредит;kat-russia.ru;тракторы;1;407
тракторы в лизинг;kat-russia.ru;диллер;1;408
тракторы в лизинг;kat-russia.ru;кат;1;409
тракторы в лизинг;kat-russia.ru;колесные;1;410
тракторы в лизинг;kat-russia.ru;официальный;1;411
тракторы в лизинг;kat-russia.ru;тракторы;1;412
тракторы краснодар;kat-russia.ru;диллер;1;413
тракторы краснодар;kat-russia.ru;кат;1;414
тракторы краснодар;kat-russia.ru;колесные;1;415
тракторы краснодар;kat-russia.ru;официальный;1;416
тракторы краснодар;kat-russia.ru;тракторы;1;417
тракторы с завода;kat-russia.ru;диллер;1;418
тракторы с завода;kat-russia.ru;кат;1;419
тракторы с завода;kat-russia.ru;колесные;1;420
тракторы с завода;kat-russia.ru;официальный;1;421
тракторы с завода;kat-russia.ru;тракторы;1;422
продажа мтз;katalog.kvidm.ru;мтз;2;423
где купить мтз;katalog.kvidm.ru;320;1;424
где купить мтз;katalog.kvidm.ru;беларус;1;425
где купить мтз;katalog.kvidm.ru;мтз;1;426
где купить мтз;katalog.kvidm.ru;трактор;1;427
каталог мтз;katalog.kvidm.ru;320;1;428
каталог мтз;katalog.kvidm.ru;беларус;1;429
каталог мтз;katalog.kvidm.ru;мтз;1;430
каталог мтз;katalog.kvidm.ru;трактор;1;431
колесные тракторы мтз;katalog.kvidm.ru;320;1;432
колесные тракторы мтз;katalog.kvidm.ru;беларус;1;433
колесные тракторы мтз;katalog.kvidm.ru;мтз;1;434
колесные тракторы мтз;katalog.kvidm.ru;трактор;1;435
мтз в краснодаре;katalog.kvidm.ru;320;1;436
мтз в краснодаре;katalog.kvidm.ru;беларус;1;437
мтз в краснодаре;katalog.kvidm.ru;мтз;1;438
мтз в краснодаре;katalog.kvidm.ru;трактор;1;439
недорогие мтз;katalog.kvidm.ru;320;1;440
недорогие мтз;katalog.kvidm.ru;беларус;1;441
недорогие мтз;katalog.kvidm.ru;мтз;1;442
недорогие мтз;katalog.kvidm.ru;трактор;1;443
новые мтз;katalog.kvidm.ru;320;1;444
новые мтз;katalog.kvidm.ru;беларус;1;445
новые мтз;katalog.kvidm.ru;мтз;1;446
новые мтз;katalog.kvidm.ru;трактор;1;447
новые тракторы беларус;katalog.kvidm.ru;320;1;448
новые тракторы беларус;katalog.kvidm.ru;беларус;1;449
новые тракторы беларус;katalog.kvidm.ru;мтз;1;450
новые тракторы беларус;katalog.kvidm.ru;трактор;1;451
продажа мтз;katalog.kvidm.ru;320;1;452
продажа мтз;katalog.kvidm.ru;8;1;453
продажа мтз;katalog.kvidm.ru;беларус;1;454
продажа мтз;katalog.kvidm.ru;навесная;1;455
продажа мтз;katalog.kvidm.ru;навесное;1;456
продажа мтз;katalog.kvidm.ru;оборудование;1;457
продажа мтз;katalog.kvidm.ru;трактор;1;458
продажа мтз;katalog.kvidm.ru;уборки;1;459
продажа мтз;katalog.kvidm.ru;щетка;1;460
продажа тракторов беларус;katalog.kvidm.ru;320;1;461
продажа тракторов беларус;katalog.kvidm.ru;беларус;1;462
продажа тракторов беларус;katalog.kvidm.ru;мтз;1;463
продажа тракторов беларус;katalog.kvidm.ru;трактор;1;464
стоимость беларус;katalog.kvidm.ru;320;1;465
стоимость беларус;katalog.kvidm.ru;беларус;1;466
стоимость беларус;katalog.kvidm.ru;мтз;1;467
стоимость беларус;katalog.kvidm.ru;трактор;1;468
стоимость мтз;katalog.kvidm.ru;320;1;469
стоимость мтз;katalog.kvidm.ru;беларус;1;470
стоимость мтз;katalog.kvidm.ru;мтз;1;471
стоимость мтз;katalog.kvidm.ru;трактор;1;472
тракторы с завода;katalog.kvidm.ru;701;1;473
тракторы с завода;katalog.kvidm.ru;кировец;1;474
тракторы с завода;katalog.kvidm.ru;трактор;1;475
минитрактор мтз;krasnodar.blizko.ru;купите;2;476
минитрактор мтз;krasnodar.blizko.ru;минитрактор;2;477
минитрактор мтз;krasnodar.blizko.ru;недорого;1;478
минитракторы;krasnodar.blizko.ru;купите;1;479
минитракторы;krasnodar.blizko.ru;минитрактор;1;480
продажа тракторов;krasnodar.vodoparad.ru;delafon;1;481
продажа тракторов;krasnodar.vodoparad.ru;jacob;1;482
продажа тракторов;krasnodar.vodoparad.ru;sherwood;1;483
продажа тракторов;krasnodar.vodoparad.ru;ванной;1;484
продажа тракторов;krasnodar.vodoparad.ru;мебель;1;485
продажа тракторов;krasnodar.vodoparad.ru;раковины;1;486
каталог тракторов;lovol-grand.ru;180000р;1;487
каталог тракторов;lovol-grand.ru;754;1;488
каталог тракторов;lovol-grand.ru;lovol;1;489
каталог тракторов;lovol-grand.ru;tb;1;490
каталог тракторов;lovol-grand.ru;акция;1;491
каталог тракторов;lovol-grand.ru;выгода;1;492
новые тракторы;lovol-grand.ru;180000р;1;493
новые тракторы;lovol-grand.ru;754;1;494
новые тракторы;lovol-grand.ru;lovol;1;495
новые тракторы;lovol-grand.ru;tb;1;496
новые тракторы;lovol-grand.ru;акция;1;497
новые тракторы;lovol-grand.ru;выгода;1;498
продажа тракторов;lovol-grand.ru;180000р;1;499
продажа тракторов;lovol-grand.ru;754;1;500
продажа тракторов;lovol-grand.ru;lovol;1;501
продажа тракторов;lovol-grand.ru;tb;1;502
продажа тракторов;lovol-grand.ru;акция;1;503
продажа тракторов;lovol-grand.ru;выгода;1;504
сельхоз трактора;lovol-grand.ru;180000р;1;505
сельхоз трактора;lovol-grand.ru;754;1;506
сельхоз трактора;lovol-grand.ru;lovol;1;507
сельхоз трактора;lovol-grand.ru;tb;1;508
сельхоз трактора;lovol-grand.ru;акция;1;509
сельхоз трактора;lovol-grand.ru;выгода;1;510
стоимость тракторов;lovol-grand.ru;180000р;1;511
стоимость тракторов;lovol-grand.ru;754;1;512
стоимость тракторов;lovol-grand.ru;lovol;1;513
стоимость тракторов;lovol-grand.ru;tb;1;514
стоимость тракторов;lovol-grand.ru;акция;1;515
стоимость тракторов;lovol-grand.ru;выгода;1;516
трактор в кредит;lovol-grand.ru;lovol;1;517
трактор в кредит;lovol-grand.ru;кредит;1;518
трактор в кредит;lovol-grand.ru;трактора;1;519
минитракторы;m-bitovka.ru;1шт;1;520
минитракторы;m-bitovka.ru;31р;1;521
минитракторы;m-bitovka.ru;керамзитоблоки;1;522
минитракторы;m-bitovka.ru;стоимость;1;523
мтз в краснодаре;m-bitovka.ru;1шт;1;524
мтз в краснодаре;m-bitovka.ru;31р;1;525
мтз в краснодаре;m-bitovka.ru;керамзитоблоки;1;526
мтз в краснодаре;m-bitovka.ru;стоимость;1;527
новые мтз;m-bitovka.ru;1шт;1;528
новые мтз;m-bitovka.ru;31р;1;529
новые мтз;m-bitovka.ru;керамзитоблоки;1;530
новые мтз;m-bitovka.ru;стоимость;1;531
новые тракторы;m-bitovka.ru;1шт;1;532
новые тракторы;m-bitovka.ru;31р;1;533
новые тракторы;m-bitovka.ru;керамзитоблоки;1;534
новые тракторы;m-bitovka.ru;стоимость;1;535
новые тракторы беларус;m-bitovka.ru;1шт;1;536
новые тракторы беларус;m-bitovka.ru;31р;1;537
новые тракторы беларус;m-bitovka.ru;керамзитоблоки;1;538
новые тракторы беларус;m-bitovka.ru;стоимость;1;539
тракторы краснодар;m-bitovka.ru;1шт;1;540
тракторы краснодар;m-bitovka.ru;31р;1;541
тракторы краснодар;m-bitovka.ru;керамзитоблоки;1;542
тракторы краснодар;m-bitovka.ru;стоимость;1;543
тракторы с завода;m-bitovka.ru;1шт;1;544
тракторы с завода;m-bitovka.ru;31р;1;545
тракторы с завода;m-bitovka.ru;керамзитоблоки;1;546
тракторы с завода;m-bitovka.ru;стоимость;1;547
где купить мтз;mtz-belarus.ru;беларус;1;548
где купить мтз;mtz-belarus.ru;купить;1;549
где купить мтз;mtz-belarus.ru;мтз;1;550
где купить мтз;mtz-belarus.ru;трактор;1;551
каталог мтз;mtz-belarus.ru;беларус;1;552
каталог мтз;mtz-belarus.ru;купить;1;553
каталог мтз;mtz-belarus.ru;мтз;1;554
каталог мтз;mtz-belarus.ru;трактор;1;555
колесные тракторы мтз;mtz-belarus.ru;беларус;1;556
колесные тракторы мтз;mtz-belarus.ru;купить;1;557
колесные тракторы мтз;mtz-belarus.ru;мтз;1;558
колесные тракторы мтз;mtz-belarus.ru;трактор;1;559
минитрактор мтз;mtz-belarus.ru;беларус;1;560
минитрактор мтз;mtz-belarus.ru;купить;1;561
минитрактор мтз;mtz-belarus.ru;мтз;1;562
минитрактор мтз;mtz-belarus.ru;трактор;1;563
мтз в краснодаре;mtz-belarus.ru;беларус;1;564
мтз в краснодаре;mtz-belarus.ru;купить;1;565
мтз в краснодаре;mtz-belarus.ru;мтз;1;566
мтз в краснодаре;mtz-belarus.ru;трактор;1;567
новые мтз;mtz-belarus.ru;беларус;1;568
новые мтз;mtz-belarus.ru;купить;1;569
новые мтз;mtz-belarus.ru;мтз;1;570
новые мтз;mtz-belarus.ru;трактор;1;571
новые тракторы беларус;mtz-belarus.ru;беларус;1;572
новые тракторы беларус;mtz-belarus.ru;купить;1;573
новые тракторы беларус;mtz-belarus.ru;мтз;1;574
новые тракторы беларус;mtz-belarus.ru;трактор;1;575
продажа мтз;mtz-belarus.ru;беларус;1;576
продажа мтз;mtz-belarus.ru;купить;1;577
продажа мтз;mtz-belarus.ru;мтз;1;578
продажа мтз;mtz-belarus.ru;трактор;1;579
продажа тракторов беларус;mtz-belarus.ru;беларус;1;580
продажа тракторов беларус;mtz-belarus.ru;купить;1;581
продажа тракторов беларус;mtz-belarus.ru;мтз;1;582
продажа тракторов беларус;mtz-belarus.ru;трактор;1;583
стоимость беларус;mtz-belarus.ru;беларус;1;584
стоимость беларус;mtz-belarus.ru;купить;1;585
стоимость беларус;mtz-belarus.ru;мтз;1;586
стоимость беларус;mtz-belarus.ru;трактор;1;587
стоимость мтз;mtz-belarus.ru;беларус;1;588
стоимость мтз;mtz-belarus.ru;купить;1;589
стоимость мтз;mtz-belarus.ru;мтз;1;590
стоимость мтз;mtz-belarus.ru;трактор;1;591
каталог мтз;nemodellmix.su;автомобилей;1;592
каталог мтз;nemodellmix.su;масштабные;1;593
каталог мтз;nemodellmix.su;модели;1;594
каталог тракторов;nemodellmix.su;автомобилей;1;595
каталог тракторов;nemodellmix.su;масштабные;1;596
каталог тракторов;nemodellmix.su;модели;1;597
продажа тракторов беларус;nemodellmix.su;автомобилей;1;598
продажа тракторов беларус;nemodellmix.su;масштабные;1;599
продажа тракторов беларус;nemodellmix.su;модели;1;600
сельхоз трактора;niva-expo.ru;xxiii;1;601
сельхоз трактора;niva-expo.ru;агропромышленная;1;602
сельхоз трактора;niva-expo.ru;выставка;1;603
тракторы с завода;niva-expo.ru;xxiii;1;604
тракторы с завода;niva-expo.ru;агропромышленная;1;605
тракторы с завода;niva-expo.ru;выставка;1;606
каталог мтз;oren-mramor.ru;9.900;1;607
каталог мтз;oren-mramor.ru;мраморные;1;608
каталог мтз;oren-mramor.ru;памятники;1;609
каталог мтз;oren-mramor.ru;р;1;610
каталог тракторов;oren-mramor.ru;9.900;1;611
каталог тракторов;oren-mramor.ru;мраморные;1;612
каталог тракторов;oren-mramor.ru;памятники;1;613
каталог тракторов;oren-mramor.ru;р;1;614
колесные тракторы;oren-mramor.ru;9.900;1;615
колесные тракторы;oren-mramor.ru;мраморные;1;616
колесные тракторы;oren-mramor.ru;памятники;1;617
колесные тракторы;oren-mramor.ru;р;1;618
минитрактор мтз;oren-mramor.ru;9.900;1;619
минитрактор мтз;oren-mramor.ru;мраморные;1;620
минитрактор мтз;oren-mramor.ru;памятники;1;621
минитрактор мтз;oren-mramor.ru;р;1;622
минитракторы;oren-mramor.ru;9.900;1;623
минитракторы;oren-mramor.ru;мраморные;1;624
минитракторы;oren-mramor.ru;памятники;1;625
минитракторы;oren-mramor.ru;р;1;626
мтз в краснодаре;oren-mramor.ru;9.900;1;627
мтз в краснодаре;oren-mramor.ru;мраморные;1;628
мтз в краснодаре;oren-mramor.ru;памятники;1;629
мтз в краснодаре;oren-mramor.ru;р;1;630
новые мтз;oren-mramor.ru;9.900;1;631
новые мтз;oren-mramor.ru;мраморные;1;632
новые мтз;oren-mramor.ru;памятники;1;633
новые мтз;oren-mramor.ru;р;1;634
новые тракторы;oren-mramor.ru;9.900;1;635
новые тракторы;oren-mramor.ru;мраморные;1;636
новые тракторы;oren-mramor.ru;памятники;1;637
новые тракторы;oren-mramor.ru;р;1;638
новые тракторы беларус;oren-mramor.ru;9.900;1;639
новые тракторы беларус;oren-mramor.ru;мраморные;1;640
новые тракторы беларус;oren-mramor.ru;памятники;1;641
новые тракторы беларус;oren-mramor.ru;р;1;642
продажа мтз;oren-mramor.ru;9.900;1;643
продажа мтз;oren-mramor.ru;мраморные;1;644
продажа мтз;oren-mramor.ru;памятники;1;645
продажа мтз;oren-mramor.ru;р;1;646
продажа тракторов беларус;oren-mramor.ru;9.900;1;647
продажа тракторов беларус;oren-mramor.ru;мраморные;1;648
продажа тракторов беларус;oren-mramor.ru;памятники;1;649
продажа тракторов беларус;oren-mramor.ru;р;1;650
сельхоз трактора;oren-mramor.ru;9.900;1;651
сельхоз трактора;oren-mramor.ru;мраморные;1;652
сельхоз трактора;oren-mramor.ru;памятники;1;653
сельхоз трактора;oren-mramor.ru;р;1;654
стоимость беларус;oren-mramor.ru;9.900;1;655
стоимость беларус;oren-mramor.ru;мраморные;1;656
стоимость беларус;oren-mramor.ru;памятники;1;657
стоимость беларус;oren-mramor.ru;р;1;658
стоимость мтз;oren-mramor.ru;9.900;1;659
стоимость мтз;oren-mramor.ru;мраморные;1;660
стоимость мтз;oren-mramor.ru;памятники;1;661
стоимость мтз;oren-mramor.ru;р;1;662
стоимость тракторов;oren-mramor.ru;9.900;1;663
стоимость тракторов;oren-mramor.ru;мраморные;1;664
стоимость тракторов;oren-mramor.ru;памятники;1;665
стоимость тракторов;oren-mramor.ru;р;1;666
тракторы с завода;oren-mramor.ru;9.900;1;667
тракторы с завода;oren-mramor.ru;мраморные;1;668
тракторы с завода;oren-mramor.ru;памятники;1;669
тракторы с завода;oren-mramor.ru;р;1;670
каталог мтз;otelz.com;otelz.com;1;671
мтз в краснодаре;otelz.com;otelz.com;1;672
стоимость мтз;otelz.com;otelz.com;1;673
продажа мтз;perevozka24.ru;тракторы;2;674
где купить мтз;perevozka24.ru;сельхозтехника;1;675
где купить мтз;perevozka24.ru;тракторы;1;676
каталог мтз;perevozka24.ru;сельхозтехника;1;677
каталог мтз;perevozka24.ru;тракторы;1;678
колесные тракторы мтз;perevozka24.ru;сельхозтехника;1;679
колесные тракторы мтз;perevozka24.ru;тракторы;1;680
минитракторы;perevozka24.ru;сельхозтехника;1;681
минитракторы;perevozka24.ru;тракторы;1;682
мтз в краснодаре;perevozka24.ru;сельхозтехника;1;683
мтз в краснодаре;perevozka24.ru;тракторы;1;684
продажа мтз;perevozka24.ru;майкопе;1;685
продажа мтз;perevozka24.ru;одном;1;686
продажа мтз;perevozka24.ru;сайте;1;687
продажа мтз;perevozka24.ru;сельхозтехника;1;688
продажа тракторов беларус;perevozka24.ru;сельхозтехника;1;689
продажа тракторов беларус;perevozka24.ru;тракторы;1;690
сельхоз трактора;perevozka24.ru;сельхозтехника;1;691
сельхоз трактора;perevozka24.ru;тракторы;1;692
стоимость беларус;perevozka24.ru;сельхозтехника;1;693
стоимость беларус;perevozka24.ru;тракторы;1;694
стоимость мтз;perevozka24.ru;сельхозтехника;1;695
стоимость мтз;perevozka24.ru;тракторы;1;696
стоимость тракторов;perevozka24.ru;сельхозтехника;1;697
стоимость тракторов;perevozka24.ru;тракторы;1;698
трактор в кредит;perevozka24.ru;сельхозтехника;1;699
трактор в кредит;perevozka24.ru;тракторы;1;700
тракторы в лизинг;perevozka24.ru;сельхозтехника;1;701
тракторы в лизинг;perevozka24.ru;тракторы;1;702
тракторы краснодар;perevozka24.ru;сельхозтехника;1;703
тракторы краснодар;perevozka24.ru;тракторы;1;704
трактор в кредит;pochtabank.ru;кредит;2;705
трактор в кредит;pochtabank.ru;почта;2;706
продажа мтз;pochtabank.ru;банк;1;707
продажа мтз;pochtabank.ru;выгодные;1;708
продажа мтз;pochtabank.ru;делайте;1;709
продажа мтз;pochtabank.ru;кредит;1;710
продажа мтз;pochtabank.ru;почта;1;711
продажа мтз;pochtabank.ru;ставку;1;712
продажа мтз;pochtabank.ru;условия;1;713
трактор в кредит;pochtabank.ru;банк;1;714
трактор в кредит;pochtabank.ru;банке;1;715
трактор в кредит;pochtabank.ru;выгодные;1;716
трактор в кредит;pochtabank.ru;выгодных;1;717
трактор в кредит;pochtabank.ru;делайте;1;718
трактор в кредит;pochtabank.ru;ставку;1;719
трактор в кредит;pochtabank.ru;условия;1;720
трактор в кредит;pochtabank.ru;условиях;1;721
где купить мтз;rosagroleasing.ru;ао;1;722
где купить мтз;rosagroleasing.ru;китайские;1;723
где купить мтз;rosagroleasing.ru;лизинг;1;724
где купить мтз;rosagroleasing.ru;росагролизинг;1;725
где купить мтз;rosagroleasing.ru;тракторы;1;726
колесные тракторы;rosagroleasing.ru;20;1;727
колесные тракторы;rosagroleasing.ru;китайские;1;728
колесные тракторы;rosagroleasing.ru;колесные;1;729
колесные тракторы;rosagroleasing.ru;лизинг;1;730
колесные тракторы;rosagroleasing.ru;скидкой;1;731
колесные тракторы;rosagroleasing.ru;тракторы;1;732
колесные тракторы мтз;rosagroleasing.ru;ао;1;733
колесные тракторы мтз;rosagroleasing.ru;китайские;1;734
колесные тракторы мтз;rosagroleasing.ru;лизинг;1;735
колесные тракторы мтз;rosagroleasing.ru;росагролизинг;1;736
колесные тракторы мтз;rosagroleasing.ru;тракторы;1;737
минитрактор мтз;rosagroleasing.ru;ао;1;738
минитрактор мтз;rosagroleasing.ru;китайские;1;739
минитрактор мтз;rosagroleasing.ru;лизинг;1;740
минитрактор мтз;rosagroleasing.ru;росагролизинг;1;741
минитрактор мтз;rosagroleasing.ru;тракторы;1;742
минитракторы;rosagroleasing.ru;ао;1;743
минитракторы;rosagroleasing.ru;китайские;1;744
минитракторы;rosagroleasing.ru;лизинг;1;745
минитракторы;rosagroleasing.ru;росагролизинг;1;746
минитракторы;rosagroleasing.ru;тракторы;1;747
мтз в краснодаре;rosagroleasing.ru;ао;1;748
мтз в краснодаре;rosagroleasing.ru;китайские;1;749
мтз в краснодаре;rosagroleasing.ru;лизинг;1;750
мтз в краснодаре;rosagroleasing.ru;росагролизинг;1;751
мтз в краснодаре;rosagroleasing.ru;тракторы;1;752
недорогие мтз;rosagroleasing.ru;ао;1;753
недорогие мтз;rosagroleasing.ru;китайские;1;754
недорогие мтз;rosagroleasing.ru;лизинг;1;755
недорогие мтз;rosagroleasing.ru;росагролизинг;1;756
недорогие мтз;rosagroleasing.ru;тракторы;1;757
новые мтз;rosagroleasing.ru;ао;1;758
новые мтз;rosagroleasing.ru;китайские;1;759
новые мтз;rosagroleasing.ru;лизинг;1;760
новые мтз;rosagroleasing.ru;росагролизинг;1;761
новые мтз;rosagroleasing.ru;тракторы;1;762
новые тракторы;rosagroleasing.ru;ао;1;763
новые тракторы;rosagroleasing.ru;китайские;1;764
новые тракторы;rosagroleasing.ru;лизинг;1;765
новые тракторы;rosagroleasing.ru;росагролизинг;1;766
новые тракторы;rosagroleasing.ru;тракторы;1;767
новые тракторы беларус;rosagroleasing.ru;ао;1;768
новые тракторы беларус;rosagroleasing.ru;китайские;1;769
новые тракторы беларус;rosagroleasing.ru;лизинг;1;770
новые тракторы беларус;rosagroleasing.ru;росагролизинг;1;771
новые тракторы беларус;rosagroleasing.ru;тракторы;1;772
продажа мтз;rosagroleasing.ru;ао;1;773
продажа мтз;rosagroleasing.ru;китайские;1;774
продажа мтз;rosagroleasing.ru;лизинг;1;775
продажа мтз;rosagroleasing.ru;росагролизинг;1;776
продажа мтз;rosagroleasing.ru;тракторы;1;777
продажа тракторов;rosagroleasing.ru;ао;1;778
продажа тракторов;rosagroleasing.ru;китайские;1;779
продажа тракторов;rosagroleasing.ru;лизинг;1;780
продажа тракторов;rosagroleasing.ru;росагролизинг;1;781
продажа тракторов;rosagroleasing.ru;тракторы;1;782
продажа тракторов беларус;rosagroleasing.ru;ао;1;783
продажа тракторов беларус;rosagroleasing.ru;китайские;1;784
продажа тракторов беларус;rosagroleasing.ru;лизинг;1;785
продажа тракторов беларус;rosagroleasing.ru;росагролизинг;1;786
продажа тракторов беларус;rosagroleasing.ru;тракторы;1;787
сельхоз трактора;rosagroleasing.ru;ао;1;788
сельхоз трактора;rosagroleasing.ru;китайские;1;789
сельхоз трактора;rosagroleasing.ru;лизинг;1;790
сельхоз трактора;rosagroleasing.ru;росагролизинг;1;791
сельхоз трактора;rosagroleasing.ru;тракторы;1;792
стоимость беларус;rosagroleasing.ru;ао;1;793
стоимость беларус;rosagroleasing.ru;китайские;1;794
стоимость беларус;rosagroleasing.ru;лизинг;1;795
стоимость беларус;rosagroleasing.ru;росагролизинг;1;796
стоимость беларус;rosagroleasing.ru;тракторы;1;797
стоимость мтз;rosagroleasing.ru;ао;1;798
стоимость мтз;rosagroleasing.ru;китайские;1;799
стоимость мтз;rosagroleasing.ru;лизинг;1;800
стоимость мтз;rosagroleasing.ru;росагролизинг;1;801
стоимость мтз;rosagroleasing.ru;тракторы;1;802
стоимость тракторов;rosagroleasing.ru;ао;1;803
стоимость тракторов;rosagroleasing.ru;китайские;1;804
стоимость тракторов;rosagroleasing.ru;лизинг;1;805
стоимость тракторов;rosagroleasing.ru;росагролизинг;1;806
стоимость тракторов;rosagroleasing.ru;тракторы;1;807
трактор в кредит;rosagroleasing.ru;ао;1;808
трактор в кредит;rosagroleasing.ru;китайские;1;809
трактор в кредит;rosagroleasing.ru;лизинг;1;810
трактор в кредит;rosagroleasing.ru;росагролизинг;1;811
трактор в кредит;rosagroleasing.ru;тракторы;1;812
тракторы в лизинг;rosagroleasing.ru;ао;1;813
тракторы в лизинг;rosagroleasing.ru;китайские;1;814
тракторы в лизинг;rosagroleasing.ru;лизинг;1;815
тракторы в лизинг;rosagroleasing.ru;росагролизинг;1;816
тракторы в лизинг;rosagroleasing.ru;тракторы;1;817
тракторы краснодар;rosagroleasing.ru;ао;1;818
тракторы краснодар;rosagroleasing.ru;китайские;1;819
тракторы краснодар;rosagroleasing.ru;лизинг;1;820
тракторы краснодар;rosagroleasing.ru;росагролизинг;1;821
тракторы краснодар;rosagroleasing.ru;тракторы;1;822
тракторы с завода;rosagroleasing.ru;ао;1;823
тракторы с завода;rosagroleasing.ru;китайские;1;824
тракторы с завода;rosagroleasing.ru;лизинг;1;825
тракторы с завода;rosagroleasing.ru;росагролизинг;1;826
тракторы с завода;rosagroleasing.ru;тракторы;1;827
продажа мтз;rosbank-leasing.ru;ип;1;828
продажа мтз;rosbank-leasing.ru;лизинг;1;829
продажа мтз;rosbank-leasing.ru;оборудование;1;830
продажа мтз;rosbank-leasing.ru;росбанк;1;831
продажа мтз;rosbank-leasing.ru;транспорт;1;832
продажа мтз;rosbank-leasing.ru;юрлиц;1;833
тракторы в лизинг;rosbank-leasing.ru;ип;1;834
тракторы в лизинг;rosbank-leasing.ru;лизинг;1;835
тракторы в лизинг;rosbank-leasing.ru;оборудование;1;836
тракторы в лизинг;rosbank-leasing.ru;росбанк;1;837
тракторы в лизинг;rosbank-leasing.ru;транспорт;1;838
тракторы в лизинг;rosbank-leasing.ru;юрлиц;1;839
каталог мтз;rostov.hh.ru;модель;1;840
каталог мтз;rostov.hh.ru;требуется;1;841
каталог тракторов;rostov.hh.ru;модель;1;842
каталог тракторов;rostov.hh.ru;требуется;1;843
новые мтз;rostov.hh.ru;модель;1;844
новые мтз;rostov.hh.ru;требуется;1;845
продажа тракторов;rostov.zol.ru;ростове;1;846
продажа тракторов;rostov.zol.ru;сельхозпродукты;1;847
стоимость тракторов;rostov.zol.ru;ростове;1;848
стоимость тракторов;rostov.zol.ru;сельхозпродукты;1;849
мтз в краснодаре;rynok-apk.ru;агроплощадке;2;850
мтз в краснодаре;rynok-apk.ru;апк;2;851
мтз в краснодаре;rynok-apk.ru;мтз;2;852
мтз в краснодаре;rynok-apk.ru;продайте;2;853
мтз в краснодаре;rynok-apk.ru;рынок;2;854
мтз в краснодаре;rynok-apk.ru;трактор;2;855
продажа мтз;rynok-apk.ru;агроплощадке;2;856
продажа мтз;rynok-apk.ru;апк;2;857
продажа мтз;rynok-apk.ru;мтз;2;858
продажа мтз;rynok-apk.ru;продайте;2;859
продажа мтз;rynok-apk.ru;рынок;2;860
продажа мтз;rynok-apk.ru;трактор;2;861
где купить мтз;rynok-apk.ru;агроплощадке;1;862
где купить мтз;rynok-apk.ru;апк;1;863
где купить мтз;rynok-apk.ru;выгодно;1;864
где купить мтз;rynok-apk.ru;мтз;1;865
где купить мтз;rynok-apk.ru;продай;1;866
где купить мтз;rynok-apk.ru;рынок;1;867
где купить мтз;rynok-apk.ru;трактор;1;868
мтз в краснодаре;rynok-apk.ru;быстро;1;869
мтз в краснодаре;rynok-apk.ru;выгодно;1;870
новые тракторы;rynok-apk.ru;апк;1;871
новые тракторы;rynok-apk.ru;быстро;1;872
новые тракторы;rynok-apk.ru;выгодно;1;873
новые тракторы;rynok-apk.ru;площадке;1;874
новые тракторы;rynok-apk.ru;продайте;1;875
новые тракторы;rynok-apk.ru;рынок;1;876
новые тракторы;rynok-apk.ru;трактор;1;877
продажа мтз;rynok-apk.ru;быстро;1;878
продажа мтз;rynok-apk.ru;выгодно;1;879
продажа тракторов беларус;rynok-apk.ru;агроплощадке;1;880
продажа тракторов беларус;rynok-apk.ru;апк;1;881
продажа тракторов беларус;rynok-apk.ru;выгодно;1;882
продажа тракторов беларус;rynok-apk.ru;продайте;1;883
продажа тракторов беларус;rynok-apk.ru;рынок;1;884
продажа тракторов беларус;rynok-apk.ru;трактор;1;885
сельхоз трактора;rynok-apk.ru;агроплощадке;1;886
сельхоз трактора;rynok-apk.ru;апк;1;887
сельхоз трактора;rynok-apk.ru;выгодно;1;888
сельхоз трактора;rynok-apk.ru;продайте;1;889
сельхоз трактора;rynok-apk.ru;рынок;1;890
сельхоз трактора;rynok-apk.ru;трактор;1;891
стоимость мтз;rynok-apk.ru;агроплощадке;1;892
стоимость мтз;rynok-apk.ru;апк;1;893
стоимость мтз;rynok-apk.ru;выгодно;1;894
стоимость мтз;rynok-apk.ru;мтз;1;895
стоимость мтз;rynok-apk.ru;продай;1;896
стоимость мтз;rynok-apk.ru;рынок;1;897
стоимость мтз;rynok-apk.ru;трактор;1;898
стоимость тракторов;rynok-apk.ru;апк;1;899
стоимость тракторов;rynok-apk.ru;быстро;1;900
стоимость тракторов;rynok-apk.ru;выгодно;1;901
стоимость тракторов;rynok-apk.ru;площадке;1;902
стоимость тракторов;rynok-apk.ru;продайте;1;903
стоимость тракторов;rynok-apk.ru;рынок;1;904
стоимость тракторов;rynok-apk.ru;трактор;1;905
продажа мтз;s918787.lpmotortest.com;24;1;906
продажа мтз;s918787.lpmotortest.com;7;1;907
продажа мтз;s918787.lpmotortest.com;выгодный;1;908
продажа мтз;s918787.lpmotortest.com;кредит;1;909
продажа мтз;s918787.lpmotortest.com;любые;1;910
продажа мтз;s918787.lpmotortest.com;получении;1;911
продажа мтз;s918787.lpmotortest.com;помощь;1;912
продажа мтз;s918787.lpmotortest.com;цели;1;913
трактор в кредит;s918787.lpmotortest.com;24;1;914
трактор в кредит;s918787.lpmotortest.com;7;1;915
трактор в кредит;s918787.lpmotortest.com;выгодный;1;916
трактор в кредит;s918787.lpmotortest.com;кредит;1;917
трактор в кредит;s918787.lpmotortest.com;любые;1;918
трактор в кредит;s918787.lpmotortest.com;получении;1;919
трактор в кредит;s918787.lpmotortest.com;помощь;1;920
трактор в кредит;s918787.lpmotortest.com;цели;1;921
где купить мтз;spec.drom.ru;б;2;922
где купить мтз;spec.drom.ru;краснодаре;2;923
где купить мтз;spec.drom.ru;купить;2;924
где купить мтз;spec.drom.ru;трактор;2;925
минитрактор мтз;spec.drom.ru;б;2;926
минитрактор мтз;spec.drom.ru;краснодаре;2;927
минитрактор мтз;spec.drom.ru;купить;2;928
минитрактор мтз;spec.drom.ru;трактор;2;929
минитракторы;spec.drom.ru;б;2;930
минитракторы;spec.drom.ru;краснодаре;2;931
минитракторы;spec.drom.ru;купить;2;932
минитракторы;spec.drom.ru;трактор;2;933
мтз в краснодаре;spec.drom.ru;б;2;934
мтз в краснодаре;spec.drom.ru;краснодаре;2;935
мтз в краснодаре;spec.drom.ru;купить;2;936
мтз в краснодаре;spec.drom.ru;трактор;2;937
недорогие мтз;spec.drom.ru;краснодаре;2;938
недорогие мтз;spec.drom.ru;купить;2;939
недорогие мтз;spec.drom.ru;трактор;2;940
новые мтз;spec.drom.ru;б;2;941
новые тракторы беларус;spec.drom.ru;б;2;942
продажа мтз;spec.drom.ru;б;2;943
продажа мтз;spec.drom.ru;краснодаре;2;944
продажа мтз;spec.drom.ru;купить;2;945
продажа мтз;spec.drom.ru;трактор;2;946
продажа тракторов;spec.drom.ru;б;2;947
продажа тракторов;spec.drom.ru;краснодаре;2;948
продажа тракторов;spec.drom.ru;купить;2;949
продажа тракторов;spec.drom.ru;трактор;2;950
продажа тракторов беларус;spec.drom.ru;б;2;951
продажа тракторов беларус;spec.drom.ru;краснодаре;2;952
продажа тракторов беларус;spec.drom.ru;купить;2;953
продажа тракторов беларус;spec.drom.ru;трактор;2;954
сельхоз трактора;spec.drom.ru;б;2;955
сельхоз трактора;spec.drom.ru;краснодаре;2;956
сельхоз трактора;spec.drom.ru;купить;2;957
сельхоз трактора;spec.drom.ru;трактор;2;958
стоимость беларус;spec.drom.ru;б;2;959
стоимость беларус;spec.drom.ru;краснодаре;2;960
стоимость беларус;spec.drom.ru;купить;2;961
стоимость беларус;spec.drom.ru;трактор;2;962
стоимость мтз;spec.drom.ru;б;2;963
стоимость мтз;spec.drom.ru;краснодаре;2;964
стоимость мтз;spec.drom.ru;купить;2;965
стоимость мтз;spec.drom.ru;трактор;2;966
стоимость тракторов;spec.drom.ru;б;2;967
стоимость тракторов;spec.drom.ru;краснодаре;2;968
стоимость тракторов;spec.drom.ru;купить;2;969
стоимость тракторов;spec.drom.ru;трактор;2;970
тракторы краснодар;spec.drom.ru;б;2;971
где купить мтз;spec.drom.ru;крае;1;972
где купить мтз;spec.drom.ru;краснодарском;1;973
где купить мтз;spec.drom.ru;новые;1;974
где купить мтз;spec.drom.ru;тракторы;1;975
каталог мтз;spec.drom.ru;б;1;976
каталог мтз;spec.drom.ru;крае;1;977
каталог мтз;spec.drom.ru;краснодарском;1;978
каталог мтз;spec.drom.ru;новые;1;979
каталог мтз;spec.drom.ru;тракторы;1;980
каталог тракторов;spec.drom.ru;б;1;981
каталог тракторов;spec.drom.ru;крае;1;982
каталог тракторов;spec.drom.ru;краснодарском;1;983
каталог тракторов;spec.drom.ru;новые;1;984
каталог тракторов;spec.drom.ru;тракторы;1;985
колесные тракторы;spec.drom.ru;б;1;986
колесные тракторы;spec.drom.ru;крае;1;987
колесные тракторы;spec.drom.ru;краснодарском;1;988
колесные тракторы;spec.drom.ru;новые;1;989
колесные тракторы;spec.drom.ru;тракторы;1;990
колесные тракторы мтз;spec.drom.ru;б;1;991
колесные тракторы мтз;spec.drom.ru;крае;1;992
колесные тракторы мтз;spec.drom.ru;краснодарском;1;993
колесные тракторы мтз;spec.drom.ru;новые;1;994
колесные тракторы мтз;spec.drom.ru;тракторы;1;995
минитрактор мтз;spec.drom.ru;крае;1;996
минитрактор мтз;spec.drom.ru;краснодарском;1;997
минитрактор мтз;spec.drom.ru;новые;1;998
минитрактор мтз;spec.drom.ru;тракторы;1;999
минитракторы;spec.drom.ru;крае;1;1000
минитракторы;spec.drom.ru;краснодарском;1;1001
минитракторы;spec.drom.ru;новые;1;1002
минитракторы;spec.drom.ru;тракторы;1;1003
мтз в краснодаре;spec.drom.ru;крае;1;1004
мтз в краснодаре;spec.drom.ru;краснодарском;1;1005
мтз в краснодаре;spec.drom.ru;новые;1;1006
мтз в краснодаре;spec.drom.ru;тракторы;1;1007
недорогие мтз;spec.drom.ru;б;1;1008
новые мтз;spec.drom.ru;крае;1;1009
новые мтз;spec.drom.ru;краснодаре;1;1010
новые мтз;spec.drom.ru;краснодарском;1;1011
новые мтз;spec.drom.ru;купить;1;1012
новые мтз;spec.drom.ru;новые;1;1013
новые мтз;spec.drom.ru;трактор;1;1014
новые мтз;spec.drom.ru;тракторы;1;1015
новые тракторы;spec.drom.ru;б;1;1016
новые тракторы;spec.drom.ru;крае;1;1017
новые тракторы;spec.drom.ru;краснодарском;1;1018
новые тракторы;spec.drom.ru;новые;1;1019
новые тракторы;spec.drom.ru;тракторы;1;1020
новые тракторы беларус;spec.drom.ru;крае;1;1021
новые тракторы беларус;spec.drom.ru;краснодаре;1;1022
новые тракторы беларус;spec.drom.ru;краснодарском;1;1023
новые тракторы беларус;spec.drom.ru;купить;1;1024
новые тракторы беларус;spec.drom.ru;новые;1;1025
новые тракторы беларус;spec.drom.ru;трактор;1;1026
новые тракторы беларус;spec.drom.ru;тракторы;1;1027
продажа мтз;spec.drom.ru;крае;1;1028
продажа мтз;spec.drom.ru;краснодарском;1;1029
продажа мтз;spec.drom.ru;новые;1;1030
продажа мтз;spec.drom.ru;тракторы;1;1031
продажа тракторов;spec.drom.ru;крае;1;1032
продажа тракторов;spec.drom.ru;краснодарском;1;1033
продажа тракторов;spec.drom.ru;новые;1;1034
продажа тракторов;spec.drom.ru;тракторы;1;1035
продажа тракторов беларус;spec.drom.ru;крае;1;1036
продажа тракторов беларус;spec.drom.ru;краснодарском;1;1037
продажа тракторов беларус;spec.drom.ru;новые;1;1038
продажа тракторов беларус;spec.drom.ru;тракторы;1;1039
сельхоз трактора;spec.drom.ru;крае;1;1040
сельхоз трактора;spec.drom.ru;краснодарском;1;1041
сельхоз трактора;spec.drom.ru;новые;1;1042
сельхоз трактора;spec.drom.ru;тракторы;1;1043
стоимость беларус;spec.drom.ru;крае;1;1044
стоимость беларус;spec.drom.ru;краснодарском;1;1045
стоимость беларус;spec.drom.ru;новые;1;1046
стоимость беларус;spec.drom.ru;тракторы;1;1047
стоимость мтз;spec.drom.ru;крае;1;1048
стоимость мтз;spec.drom.ru;краснодарском;1;1049
стоимость мтз;spec.drom.ru;новые;1;1050
стоимость мтз;spec.drom.ru;тракторы;1;1051
стоимость тракторов;spec.drom.ru;крае;1;1052
стоимость тракторов;spec.drom.ru;краснодарском;1;1053
стоимость тракторов;spec.drom.ru;новые;1;1054
стоимость тракторов;spec.drom.ru;тракторы;1;1055
трактор в кредит;spec.drom.ru;б;1;1056
трактор в кредит;spec.drom.ru;крае;1;1057
трактор в кредит;spec.drom.ru;краснодаре;1;1058
трактор в кредит;spec.drom.ru;краснодарском;1;1059
трактор в кредит;spec.drom.ru;купить;1;1060
трактор в кредит;spec.drom.ru;новые;1;1061
трактор в кредит;spec.drom.ru;трактор;1;1062
трактор в кредит;spec.drom.ru;тракторы;1;1063
тракторы в лизинг;spec.drom.ru;б;1;1064
тракторы в лизинг;spec.drom.ru;крае;1;1065
тракторы в лизинг;spec.drom.ru;краснодаре;1;1066
тракторы в лизинг;spec.drom.ru;краснодарском;1;1067
тракторы в лизинг;spec.drom.ru;купить;1;1068
тракторы в лизинг;spec.drom.ru;новые;1;1069
тракторы в лизинг;spec.drom.ru;трактор;1;1070
тракторы в лизинг;spec.drom.ru;тракторы;1;1071
тракторы краснодар;spec.drom.ru;крае;1;1072
тракторы краснодар;spec.drom.ru;краснодаре;1;1073
тракторы краснодар;spec.drom.ru;краснодарском;1;1074
тракторы краснодар;spec.drom.ru;купить;1;1075
тракторы краснодар;spec.drom.ru;новые;1;1076
тракторы краснодар;spec.drom.ru;трактор;1;1077
тракторы краснодар;spec.drom.ru;тракторы;1;1078
тракторы с завода;spec.drom.ru;б;1;1079
тракторы с завода;spec.drom.ru;крае;1;1080
тракторы с завода;spec.drom.ru;краснодаре;1;1081
тракторы с завода;spec.drom.ru;краснодарском;1;1082
тракторы с завода;spec.drom.ru;купить;1;1083
тракторы с завода;spec.drom.ru;новые;1;1084
тракторы с завода;spec.drom.ru;трактор;1;1085
тракторы с завода;spec.drom.ru;тракторы;1;1086
минитракторы;top-kredit.ru;быстро;1;1087
минитракторы;top-kredit.ru;займы;1;1088
минитракторы;top-kredit.ru;кредиты;1;1089
минитракторы;top-kredit.ru;онлайн;1;1090
продажа мтз;top-kredit.ru;быстро;1;1091
продажа мтз;top-kredit.ru;займы;1;1092
продажа мтз;top-kredit.ru;кредиты;1;1093
продажа мтз;top-kredit.ru;онлайн;1;1094
трактор в кредит;top-kredit.ru;быстро;1;1095
трактор в кредит;top-kredit.ru;займы;1;1096
трактор в кредит;top-kredit.ru;кредиты;1;1097
трактор в кредит;top-kredit.ru;онлайн;1;1098
новые тракторы;tractor.big-center.ru;runmax;2;1099
новые тракторы;tractor.big-center.ru;купить;2;1100
продажа тракторов;tractor.big-center.ru;rmx;2;1101
продажа тракторов;tractor.big-center.ru;runmax;2;1102
продажа тракторов;tractor.big-center.ru;купить;2;1103
продажа тракторов;tractor.big-center.ru;лизинг;2;1104
продажа тракторов;tractor.big-center.ru;трактор;2;1105
тракторы в лизинг;tractor.big-center.ru;rmx;2;1106
тракторы в лизинг;tractor.big-center.ru;runmax;2;1107
тракторы в лизинг;tractor.big-center.ru;купить;2;1108
тракторы в лизинг;tractor.big-center.ru;лизинг;2;1109
тракторы в лизинг;tractor.big-center.ru;трактор;2;1110
тракторы краснодар;tractor.big-center.ru;rmx;2;1111
тракторы краснодар;tractor.big-center.ru;runmax;2;1112
тракторы краснодар;tractor.big-center.ru;купить;2;1113
тракторы краснодар;tractor.big-center.ru;лизинг;2;1114
тракторы краснодар;tractor.big-center.ru;трактор;2;1115
тракторы с завода;tractor.big-center.ru;rmx;2;1116
тракторы с завода;tractor.big-center.ru;runmax;2;1117
тракторы с завода;tractor.big-center.ru;купить;2;1118
тракторы с завода;tractor.big-center.ru;лизинг;2;1119
тракторы с завода;tractor.big-center.ru;трактор;2;1120
колесные тракторы;tractor.big-center.ru;rmx;1;1121
колесные тракторы;tractor.big-center.ru;runmax;1;1122
колесные тракторы;tractor.big-center.ru;купить;1;1123
колесные тракторы;tractor.big-center.ru;лизинг;1;1124
колесные тракторы;tractor.big-center.ru;трактор;1;1125
новые тракторы;tractor.big-center.ru;выгодной;1;1126
новые тракторы;tractor.big-center.ru;ип;1;1127
новые тракторы;tractor.big-center.ru;китайские;1;1128
новые тракторы;tractor.big-center.ru;лизинг;1;1129
новые тракторы;tractor.big-center.ru;лиц;1;1130
новые тракторы;tractor.big-center.ru;трактор;1;1131
новые тракторы;tractor.big-center.ru;трактора;1;1132
новые тракторы;tractor.big-center.ru;физ;1;1133
новые тракторы;tractor.big-center.ru;цене;1;1134
продажа тракторов;tractor.big-center.ru;0;1;1135
сельхоз трактора;tractor.big-center.ru;rmx;1;1136
сельхоз трактора;tractor.big-center.ru;runmax;1;1137
сельхоз трактора;tractor.big-center.ru;купить;1;1138
сельхоз трактора;tractor.big-center.ru;лизинг;1;1139
сельхоз трактора;tractor.big-center.ru;трактор;1;1140
стоимость тракторов;tractor.big-center.ru;runmax;1;1141
стоимость тракторов;tractor.big-center.ru;выгодной;1;1142
стоимость тракторов;tractor.big-center.ru;китайские;1;1143
стоимость тракторов;tractor.big-center.ru;купить;1;1144
стоимость тракторов;tractor.big-center.ru;трактора;1;1145
стоимость тракторов;tractor.big-center.ru;цене;1;1146
трактор в кредит;tractor.big-center.ru;rmx;1;1147
трактор в кредит;tractor.big-center.ru;runmax;1;1148
трактор в кредит;tractor.big-center.ru;кредит;1;1149
трактор в кредит;tractor.big-center.ru;купить;1;1150
трактор в кредит;tractor.big-center.ru;лизинг;1;1151
трактор в кредит;tractor.big-center.ru;трактор;1;1152
тракторы в лизинг;tractor.big-center.ru;0;1;1153
тракторы краснодар;tractor.big-center.ru;кредит;1;1154
тракторы с завода;tractor.big-center.ru;кредит;1;1155
колесные тракторы;ttz-ural.ru;колесные;1;1156
колесные тракторы;ttz-ural.ru;станислав;1;1157
колесные тракторы;ttz-ural.ru;тракторы;1;1158
продажа мтз;vcredit-zenit.ru;банке;1;1159
продажа мтз;vcredit-zenit.ru;зенит;1;1160
продажа мтз;vcredit-zenit.ru;кредит;1;1161
трактор в кредит;vcredit-zenit.ru;банке;1;1162
трактор в кредит;vcredit-zenit.ru;зенит;1;1163
трактор в кредит;vcredit-zenit.ru;кредит;1;1164
продажа мтз;volgograd.economleasing.ru;лизинг;3;1165
продажа мтз;volgograd.economleasing.ru;ип;2;1166
тракторы в лизинг;volgograd.economleasing.ru;ип;2;1167
тракторы в лизинг;volgograd.economleasing.ru;лизинг;2;1168
продажа мтз;volgograd.economleasing.ru;выгодных;1;1169
продажа мтз;volgograd.economleasing.ru;лиц;1;1170
продажа мтз;volgograd.economleasing.ru;лицам;1;1171
продажа мтз;volgograd.economleasing.ru;спецтехника;1;1172
продажа мтз;volgograd.economleasing.ru;условиях;1;1173
продажа мтз;volgograd.economleasing.ru;юр;1;1174
продажа мтз;volgograd.economleasing.ru;юридических;1;1175
тракторы в лизинг;volgograd.economleasing.ru;лиц;1;1176
тракторы в лизинг;volgograd.economleasing.ru;лицам;1;1177
тракторы в лизинг;volgograd.economleasing.ru;спецтехника;1;1178
тракторы в лизинг;volgograd.economleasing.ru;юр;1;1179
тракторы в лизинг;volgograd.economleasing.ru;юридических;1;1180
продажа тракторов;vt-tk.ru;перевозка;1;1181
продажа тракторов;vt-tk.ru;россии;1;1182
продажа тракторов;vt-tk.ru;тракторов;1;1183
продажа тракторов;vykup-spec-avto.ru;выкуп;2;1184
где купить мтз;vykup-spec-avto.ru;выкуп;1;1185
где купить мтз;vykup-spec-avto.ru;спецтехники;1;1186
колесные тракторы;vykup-spec-avto.ru;выкуп;1;1187
колесные тракторы;vykup-spec-avto.ru;спецтехники;1;1188
новые тракторы;vykup-spec-avto.ru;выкуп;1;1189
новые тракторы;vykup-spec-avto.ru;спецтехники;1;1190
продажа мтз;vykup-spec-avto.ru;выкуп;1;1191
продажа мтз;vykup-spec-avto.ru;спецтехники;1;1192
продажа тракторов;vykup-spec-avto.ru;спецтехники;1;1193
продажа тракторов;vykup-spec-avto.ru;тракторов;1;1194
продажа тракторов беларус;vykup-spec-avto.ru;выкуп;1;1195
продажа тракторов беларус;vykup-spec-avto.ru;спецтехники;1;1196
сельхоз трактора;vykup-spec-avto.ru;выкуп;1;1197
сельхоз трактора;vykup-spec-avto.ru;тракторов;1;1198
стоимость тракторов;vykup-spec-avto.ru;выкуп;1;1199
стоимость тракторов;vykup-spec-avto.ru;тракторов;1;1200
тракторы краснодар;vykup-spec-avto.ru;выкуп;1;1201
тракторы краснодар;vykup-spec-avto.ru;тракторов;1;1202
продажа тракторов;wildberries.ru;магазин;1;1203
продажа тракторов;wildberries.ru;одежды;1;1204
продажа тракторов;wildberries.ru;онлайн;1;1205
продажа тракторов;wildberries.ru;товаров;1;1206
минитрактор мтз;wiweb.ru;б;2;1207
минитрактор мтз;wiweb.ru;купить;2;1208
минитрактор мтз;wiweb.ru;новые;2;1209
минитракторы;wiweb.ru;б;2;1210
минитракторы;wiweb.ru;купить;2;1211
минитракторы;wiweb.ru;новые;2;1212
колесные тракторы;wiweb.ru;б;1;1213
колесные тракторы;wiweb.ru;купить;1;1214
колесные тракторы;wiweb.ru;новые;1;1215
колесные тракторы;wiweb.ru;тракторы;1;1216
минитрактор мтз;wiweb.ru;мини;1;1217
минитрактор мтз;wiweb.ru;минитрактор;1;1218
минитрактор мтз;wiweb.ru;трактор;1;1219
минитракторы;wiweb.ru;мини;1;1220
минитракторы;wiweb.ru;минитрактор;1;1221
минитракторы;wiweb.ru;трактор;1;1222
новые мтз;wiweb.ru;б;1;1223
новые мтз;wiweb.ru;купить;1;1224
новые мтз;wiweb.ru;новые;1;1225
новые мтз;wiweb.ru;тракторы;1;1226
новые тракторы;wiweb.ru;б;1;1227
новые тракторы;wiweb.ru;купить;1;1228
новые тракторы;wiweb.ru;новые;1;1229
новые тракторы;wiweb.ru;тракторы;1;1230
новые тракторы беларус;wiweb.ru;б;1;1231
новые тракторы беларус;wiweb.ru;купить;1;1232
новые тракторы беларус;wiweb.ru;новые;1;1233
новые тракторы беларус;wiweb.ru;тракторы;1;1234
продажа мтз;wiweb.ru;б;1;1235
продажа мтз;wiweb.ru;купить;1;1236
продажа мтз;wiweb.ru;новые;1;1237
продажа мтз;wiweb.ru;тракторы;1;1238
продажа тракторов;wiweb.ru;б;1;1239
продажа тракторов;wiweb.ru;купить;1;1240
продажа тракторов;wiweb.ru;новые;1;1241
продажа тракторов;wiweb.ru;тракторы;1;1242
продажа тракторов беларус;wiweb.ru;б;1;1243
продажа тракторов беларус;wiweb.ru;купить;1;1244
продажа тракторов беларус;wiweb.ru;новые;1;1245
продажа тракторов беларус;wiweb.ru;тракторы;1;1246
сельхоз трактора;wiweb.ru;б;1;1247
сельхоз трактора;wiweb.ru;купить;1;1248
сельхоз трактора;wiweb.ru;новые;1;1249
сельхоз трактора;wiweb.ru;тракторы;1;1250
стоимость мтз;wiweb.ru;б;1;1251
стоимость мтз;wiweb.ru;купить;1;1252
стоимость мтз;wiweb.ru;новые;1;1253
стоимость мтз;wiweb.ru;тракторы;1;1254
стоимость тракторов;wiweb.ru;б;1;1255
стоимость тракторов;wiweb.ru;купить;1;1256
стоимость тракторов;wiweb.ru;новые;1;1257
стоимость тракторов;wiweb.ru;тракторы;1;1258
трактор в кредит;wiweb.ru;б;1;1259
трактор в кредит;wiweb.ru;купить;1;1260
трактор в кредит;wiweb.ru;новые;1;1261
трактор в кредит;wiweb.ru;тракторы;1;1262
тракторы в лизинг;wiweb.ru;б;1;1263
тракторы в лизинг;wiweb.ru;купить;1;1264
тракторы в лизинг;wiweb.ru;новые;1;1265
тракторы в лизинг;wiweb.ru;тракторы;1;1266
тракторы краснодар;wiweb.ru;б;1;1267
тракторы краснодар;wiweb.ru;купить;1;1268
тракторы краснодар;wiweb.ru;новые;1;1269
тракторы краснодар;wiweb.ru;тракторы;1;1270
тракторы с завода;wiweb.ru;б;1;1271
тракторы с завода;wiweb.ru;купить;1;1272
тракторы с завода;wiweb.ru;новые;1;1273
тракторы с завода;wiweb.ru;тракторы;1;1274
минитракторы;yaVapteke.ru;30;1;1275
минитракторы;yaVapteke.ru;yavaptekeru;1;1276
минитракторы;yaVapteke.ru;выгодой;1;1277
минитракторы;yaVapteke.ru;лекарства;1;1278
минитракторы;yaVapteke.ru;сервис;1;1279
мтз в краснодаре;yaVapteke.ru;30;1;1280
мтз в краснодаре;yaVapteke.ru;yavaptekeru;1;1281
мтз в краснодаре;yaVapteke.ru;выгодой;1;1282
мтз в краснодаре;yaVapteke.ru;лекарства;1;1283
мтз в краснодаре;yaVapteke.ru;сервис;1;1284
продажа тракторов беларус;yaVapteke.ru;30;1;1285
продажа тракторов беларус;yaVapteke.ru;yavaptekeru;1;1286
продажа тракторов беларус;yaVapteke.ru;выгодой;1;1287
продажа тракторов беларус;yaVapteke.ru;лекарства;1;1288
продажа тракторов беларус;yaVapteke.ru;сервис;1;1289
стоимость мтз;yaVapteke.ru;30;1;1290
стоимость мтз;yaVapteke.ru;yavaptekeru;1;1291
стоимость мтз;yaVapteke.ru;выгодой;1;1292
стоимость мтз;yaVapteke.ru;лекарства;1;1293
стоимость мтз;yaVapteke.ru;сервис;1;1294
тракторы краснодар;yaVapteke.ru;30;1;1295
тракторы краснодар;yaVapteke.ru;yavaptekeru;1;1296
тракторы краснодар;yaVapteke.ru;выгодой;1;1297
тракторы краснодар;yaVapteke.ru;лекарства;1;1298
тракторы краснодар;yaVapteke.ru;сервис;1;1299
продажа тракторов;yuprofi.ru;купля;1;1300
продажа тракторов;yuprofi.ru;продажа;1;1301
колесные тракторы;zol.ru;сельхозтехника;1;1302
колесные тракторы мтз;zol.ru;сельхозтехника;1;1303
минитрактор мтз;zol.ru;сельхозтехника;1;1304
сельхоз трактора;zol.ru;сельхозтехника;1;1305
минитрактор мтз;агропоинт.рф;беларус;1;1306
минитрактор мтз;агропоинт.рф;запчасти;1;1307
минитрактор мтз;агропоинт.рф;минитрактора;1;1308
продажа тракторов;играман.рф;бесплатная;1;1309
продажа тракторов;играман.рф;доставка;1;1310
продажа тракторов;играман.рф;продуктов;1;1311
продажа тракторов;играман.рф;товаров;1;1312
тракторы с завода;смп61.рф;группа;1;1313
тракторы с завода;смп61.рф;компаний;1;1314
тракторы с завода;смп61.рф;попова;1;1315
тракторы с завода;смп61.рф;производство;1;1316
тракторы с завода;смп61.рф;сельхозтехники;1;1317
каталог тракторов;хам.рф;трактора;1;1318
каталог тракторов;хам.рф;хам;1;1319
колесные тракторы;хам.рф;трактора;1;1320
колесные тракторы;хам.рф;хам;1;1321
минитракторы;хам.рф;трактора;1;1322
минитракторы;хам.рф;хам;1;1323
новые тракторы;хам.рф;трактора;1;1324
новые тракторы;хам.рф;хам;1;1325
новые тракторы беларус;хам.рф;трактора;1;1326
новые тракторы беларус;хам.рф;хам;1;1327
продажа тракторов;хам.рф;трактора;1;1328
продажа тракторов;хам.рф;хам;1;1329
продажа тракторов беларус;хам.рф;трактора;1;1330
продажа тракторов беларус;хам.рф;хам;1;1331
сельхоз трактора;хам.рф;трактора;1;1332
сельхоз трактора;хам.рф;хам;1;1333
стоимость беларус;хам.рф;трактора;1;1334
стоимость беларус;хам.рф;хам;1;1335
стоимость тракторов;хам.рф;трактора;1;1336
стоимость тракторов;хам.рф;хам;1;1337
трактор в кредит;хам.рф;трактора;1;1338
трактор в кредит;хам.рф;хам;1;1339
тракторы в лизинг;хам.рф;трактора;1;1340
тракторы в лизинг;хам.рф;хам;1;1341
тракторы краснодар;хам.рф;трактора;1;1342
тракторы краснодар;хам.рф;хам;1;1343
